permeability,resistivity,H_imag_375,H_imag_750,H_imag_1500,H_imag_3000,H_imag_6000,H_imag_12000,H_imag_24000,H_imag_48000,H_real_375,H_real_750,H_real_1500,H_real_3000,H_real_6000,H_real_12000,H_real_24000,H_real_48000
50,2e-07,9.742361096634874e-05,0.00017822065682063712,0.00022783095045199428,0.00017483834432537704,9.05677749028064e-05,4.127178184561331e-05,2.3344508813436803e-05,1.0951510434526309e-05,-7.916726271764798e-05,-1.8325908304564942e-05,0.00012171120783977901,0.000262598363536844,0.0003175571990782,0.00032386512707622395,0.000324536063680028,0.00033325300931169897
50,4e-07,9.813890066784467e-05,0.00017674760904654117,0.0002257447998344497,0.00017231055955161648,8.84049768947673e-05,3.951791487365289e-05,2.17179931401255e-05,9.4112712779354e-06,-6.876653420369804e-05,-9.733506109471982e-06,0.00012918361645453493,0.000268519019331519,0.00032213903212284994,0.00032766346804050794,0.000327700436450592,0.00033566153972242697
50,6e-07,0.00010067995156563907,0.00017645799900671016,0.0002246012613260764,0.00017100541911266122,8.71982412126431e-05,3.84936598456521e-05,2.0704057711527408e-05,8.3757318814836e-06,-6.318277115572798e-05,-3.736263056052045e-06,0.00013382956908502798,0.00027238410364062703,0.00032524421119339196,0.00033031461778743504,0.000329972252525012,0.00033743987351516095
50,8e-07,0.00010308737589591496,0.00017711383217728057,0.00022379226821344668,0.00017016207534603623,8.6403771714137e-05,3.7799165469742e-05,1.9978769637910102e-05,7.59565549849111e-06,-6.020610613607295e-05,7.607448868740107e-07,0.00013744750281430605,0.00027522139894739495,0.00032762231138948897,0.00033238702832242705,0.000331784794582506,0.00033888717026461204
50,1e-06,0.00010500265333371067,0.00017822567811124037,0.0002233119761475105,0.00016950743574894024,8.58423542371769e-05,3.729128596927381e-05,1.9423542905778988e-05,6.971884679201896e-06,-5.8521119792155e-05,4.063072379722988e-06,0.00014053963488957702,0.000277471466383433,0.00032955060840255605,0.000334097944122411,0.00033330779640838295,0.000340122028403894
100,2e-07,9.836489375094872e-05,0.00017736726696722648,0.00022572456312408809,0.0001722833492723883,8.83861473424835e-05,3.94926688981397e-05,2.1648550058325596e-05,9.154886789720595e-06,-7.070375704915305e-05,-9.696959052627038e-06,0.00012930228434185397,0.000268514463548201,0.00032212223065466403,0.000327657401238035,0.000327731352524415,0.000335725424649591
100,4e-07,9.937730476492751e-05,0.0001773743262160615,0.0002243896357639289,0.00017014084496631203,8.638146644814309e-05,3.778046597863329e-05,1.9951926545343893e-05,7.523805878904708e-06,-6.203381343319804e-05,-1.1639830237809628e-06,0.00013749757541353598,0.000275333774364048,0.00032761782559215794,0.00033237575597614403,0.00033178101560147,0.00033891971805601604
100,6e-07,0.000101107240079056,0.000177616925483141,0.0002239906404745039,0.00016917383763720014,8.53839763682964e-05,3.6883472863764305e-05,1.8960379823572206e-05,6.417817390856907e-06,-5.694580918191806e-05,3.886308212426972e-06,0.00014235291055084202,0.00027959033081453904,0.000331191643173728,0.000335553250378263,0.00033461824143786104,0.00034121354063873597
100,8e-07,0.00010298336277521162,0.00017808941518483314,0.0002238177381183162,0.00016863635266728213,8.47901884965951e-05,3.6328366507498e-05,1.8296097805795895e-05,5.606137963224612e-06,-5.386511282988796e-05,7.628842975273978e-06,0.00014576875857399198,0.00028266828300155,0.00033384691694965206,0.000337971729010933,0.000336835963091579,0.000343054891870866
100,1e-06,0.00010464143306649964,0.00017879817710010534,0.0002237246933503307,0.0001683053401637558,8.440349494676829e-05,3.59569507888403e-05,1.7817664446549602e-05,4.976487061560301e-06,-5.196426360086503e-05,1.0542993855113003e-05,0.00014844544429227797,0.00028505835790982296,0.00033595325293832203,0.00033992862006532995,0.00033866634707341797,0.00034460705104737306
200,2e-07,9.979084555519077e-05,0.00017749504038362706,0.000224352893451369,0.00017009733087623453,8.63512928585482e-05,3.77019871339789e-05,1.95987861222519e-05,6.519368935527605e-06,-6.265631367042505e-05,-1.0876227772879492e-06,0.00013751335531363303,0.00027529891191655604,0.000327592459505591,0.00033242183719987004,0.00033194146701155094,0.000338819993104561
200,4e-07,0.00010160281337343266,0.00017849413624223317,0.000223943197788928,0.00016860231189489238,8.475811066280511e-05,3.6296978909835495e-05,1.821371812459669e-05,5.234361543626008e-06,-5.553252041296897e-05,7.00457388331209e-06,0.000145839959948353,0.00028267923928453997,0.0003338205671746,0.000337957877222336,0.00033689077115877904,0.000343212982292336
200,6e-07,0.00010287297007757452,0.00017936023798068742,0.00022408315939532021,0.00016809254954619937,8.410487089087411e-05,3.56684804215395e-05,1.741520850443001e-05,4.309341383450496e-06,-5.1615668442253995e-05,1.1362649346301017e-05,0.00015053018196261496,0.00028705984749930505,0.000337684629750337,0.00034155087259483497,0.00034023520881315897,0.000346062150878312
200,8e-07,0.00010405683632463251,0.0001800415432617067,0.0002243248143054165,0.00016789451513334592,8.37856918314219e-05,3.5348299974538794e-05,1.6923353733160995e-05,3.6121941301476993e-06,-4.8971265534681024e-05,1.4295423295807041e-05,0.00015372913665649305,0.000290121170084341,0.00034046465760865607,0.00034420907729182897,0.000342793619216191,0.000348281573890217
200,1e-06,0.0001051836458147036,0.0001806255203308938,0.0002245813790275896,0.0001678236915791176,8.362383119680719e-05,3.5180622063248106e-05,1.66039547382555e-05,3.0781169020858984e-06,-4.71191645391091e-05,1.652034737001807e-05,0.00015611980341732597,0.00029244494882783303,0.00034261905188255696,0.00034631020718044,0.00034486708184834907,0.00035012387205753896
300,2e-07,0.00010087042885581225,0.00017798200834041503,0.0002239531714772428,0.00016909865311489874,8.532470414771011e-05,3.667093059954741e-05,1.809778480392111e-05,4.466311819694503e-06,-5.8410347800878976e-05,3.749928625226026e-06,0.000142393102097622,0.000279533814160283,0.00033116628173942203,0.000335688886957634,0.000334858144937495,0.000340701894413704
300,4e-07,0.00010296490030340928,0.00017941147210420266,0.00022407179707734982,0.00016805269193788738,8.40819799762557e-05,3.5637605755872e-05,1.723573070751909e-05,3.568151745964295e-06,-5.198077615240805e-05,1.1335716293665995e-05,0.00015054923236989095,0.000287034209043556,0.00033765267866643205,0.00034156716472724506,0.000340385121774196,0.00034617945427988406
300,6e-07,0.00010425804727288116,0.0001804519906110852,0.0002244879763807165,0.00016781450108569232,8.366351191324521e-05,3.5228990805456705e-05,1.6684419368335e-05,2.9623149669450117e-06,-4.868442830973296e-05,1.5327542922486032e-05,0.00015500189697432195,0.00029135390933895,0.00034157551069311697,0.00034529954934682793,0.00034394515545356594,0.00034943390058010703
300,8e-07,0.00010523042151778904,0.0001812556760944484,0.0002248880768697848,0.00016780098703785253,8.35173265026852e-05,3.50742755342417e-05,1.6358308646661094e-05,2.469755637133302e-06,-4.649092303053194e-05,1.7942052475219007e-05,0.00015797915042041298,0.00029431955908677294,0.00034434539815365997,0.000348018473027478,0.000346630179715725,0.000351856919078283
300,1e-06,0.00010607535981463122,0.0001818976028404488,0.0002252475174047456,0.0001678677035684734,8.34871491466166e-05,3.50392554643924e-05,1.6170118250909704e-05,2.0768974311538026e-06,-4.4883661330709064e-05,1.9850094190156076e-05,0.00016018415454592902,0.000296539408440086,0.00034646160878180996,0.00035014105371615695,0.00034878475111539204,0.000353829486061524
400,2e-07,0.0001017253910852257,0.0001784773616287061,0.00022384918309795038,0.0001685445962999199,8.46905632410209e-05,3.5918018128812e-05,1.6844064887478206e-05,2.776898711920003e-06,-5.5619562208327985e-05,7.022994294661987e-06,0.00014580756939913203,0.000282599733097011,0.000333845966247364,0.00033821058544505206,0.00033705285751221603,0.00034194280973815205
400,4e-07,0.0001039036319629751,0.0001801586864848641,0.00022430951496456221,0.0001678210306506199,8.37455253666953e-05,3.5281141731899495e-05,1.6529149946923697e-05,2.188133691265808e-06,-4.968792943948802e-05,1.419354781208098e-05,0.00015374482432933004,0.0002900776954769,0.000340409012706929,0.000344254864945789,0.00034307881879761697,0.00034840451756178897
400,6e-07,0.00010522071213292704,0.0001812711571949393,0.0002248894035265305,0.00016776358453414548,8.34957012475173e-05,3.50575406485965e-05,1.62491725593191e-05,1.9021466361938115e-06,-4.671711168185099e-05,1.789105065628301e-05,0.00015799554714265098,0.00029430105592311294,0.00034431383290613405,0.00034802060946466205,0.00034675208187191103,0.000352028294975289
400,8e-07,0.00010614606930451513,0.00018210200283367179,0.000225386918579647,0.00016786482990283844,8.346591245641921e-05,3.5027338033822507e-05,1.608189970800441e-05,1.6394744985297037e-06,-4.4806638031301936e-05,2.0301130705530947e-05,0.00016079671203462998,0.00029716539810355696,0.000347039575475012,0.00035073751169470294,0.000349479257502258,0.00035461083541602
400,1e-06,0.00010687813465782493,0.00018276517495211,0.0002258023424145141,0.00016801268080104132,8.35219185341729e-05,3.50857287786877e-05,1.6005583242953195e-05,1.406958927390001e-06,-4.3413482660942964e-05,2.204168589288295e-05,0.00016284960528980104,0.000299292310625237,0.000349102774553907,0.00035284185882482094,0.000351652108682008,0.000356661339526581
500,2e-07,0.0001024165769736433,0.0001789315534878944,0.00022386646003120332,0.00016820805808896616,8.425001753741221e-05,3.5299380550289606e-05,1.57548179856473e-05,1.351960384780702e-06,-5.3585422746066976e-05,9.450349399618978e-06,0.00014839877964593098,0.000284990834589891,0.00033599620793157503,0.00034025908013675903,0.00033878054318174893,0.000342787523585784
500,4e-07,0.00010462754610816253,0.0001807702828642019,0.0002245645984625336,0.00016772859663069243,8.35686576738997e-05,3.50646504267675e-05,1.5949596456521807e-05,9.976594594559055e-07,-4.8051515104844e-05,1.628219049497402e-05,0.00015611999778938402,0.000292385823036427,0.000342548494763203,0.000346401202201408,0.000345265980852846,0.00035015091936655394
500,6e-07,0.0001059299250306802,0.00018192901581059909,0.0002252492802218133,0.00016779832521681716,8.344753538051541e-05,3.500565021432801e-05,1.5945899007342498e-05,1.0002853786952951e-06,-4.529750761404696e-05,1.9745337918649058e-05,0.000160198547154701,0.000296508463872867,0.0003464030885213,0.00035014945829717296,0.000349017816198367,0.00035411554111652605
500,8e-07,0.00010683760469579736,0.00018276195478699288,0.0002258092272834513,0.00016797819505168414,8.35006732234583e-05,3.5074704005806596e-05,1.59343060876469e-05,9.603039440512064e-07,-4.3559851095985986e-05,2.1989653139418996e-05,0.00016286201528354396,0.00029927930730986994,0.00034907335195990397,0.00035283592042037,0.00035174997003763,0.00035684409387808406
500,1e-06,0.00010752602163594212,0.0001834192843735654,0.00022626372335683421,0.00016817895836124965,8.361620274502e-05,3.5203299028222006e-05,1.59591269434094e-05,8.907853436698971e-07,-4.231588675080594e-05,2.3609877680825977e-05,0.000164796585407458,0.00030132478107866394,0.000351082393080589,0.000354906045883343,0.000353911271648405,0.00035895672923220306
600,2e-07,0.00010298986968451799,0.00017933947470387849,0.0002239406230048561,0.00016799316519195795,8.39163956113937e-05,3.47614501144006e-05,1.4787702343149804e-05,1.3633966794090947e-07,-5.201165555848296e-05,1.1353697646025013e-05,0.00015046628492826195,0.00028694322436838494,0.000337792220876658,0.00034197234822315,0.000340183079849529,0.000343367516360663
600,4e-07,0.00010521769439389076,0.000181281256566957,0.00022481151171589053,0.0001677069991348967,8.34773565292271e-05,3.4919105919948196e-05,1.5444499115484304e-05,-5.314011528170315e-08,-4.679997327669506e-05,1.7901327641124047e-05,0.000157985794587307,0.00029422686708512096,0.000344288948029637,0.000348187999378448,0.000347095061830557,0.00035156479505349397
600,6e-07,0.00010648927407114257,0.0001824717385382519,0.00022556833196621322,0.00016786955862726496,8.345898545304451e-05,3.5012743232354306e-05,1.57078272090334e-05,2.0719522497899808e-07,-4.421846469821302e-05,2.117812662589104e-05,0.000161915641631083,0.00029825182138685,0.000348078426706359,0.000351893601342447,0.00035091525029397905,0.000355843818060063
600,8e-07,0.00010737618524571984,0.0001833042319060003,0.00022616895231515139,0.00016810614150851623,8.357422645704579e-05,3.516522866034789e-05,1.5848758868602494e-05,3.7204474561739723e-07,-4.259824491826506e-05,2.3284567446496952e-05,0.00016446641220876,0.00030093919749274906,0.00035068986743620897,0.000354535181179696,0.000353637605204436,0.00035870920294391105
600,1e-06,0.00010804215236212745,0.0001839486054581179,0.0002266504054570137,0.000168344179393872,8.373256820706131e-05,3.534916593847091e-05,1.5968611212817006e-05,4.5816849831781183e-07,-4.1455180193935e-05,2.4804547272616996e-05,0.00016630766163180298,0.000302913643839029,0.000352646705647294,0.00035656392100253797,0.00035577311082245406,0.00036087927652834605
700,2e-07,0.00010347662691343753,0.00017970526256858949,0.00022404286690827111,0.0001678517023337364,8.36462845570243e-05,3.4280328106258096e-05,1.3915989802835795e-05,-9.067338254225004e-07,-5.074436093446496e-05,1.2903328910884946e-05,0.000152173701447743,0.00028858838013081294,0.00033933185175493,0.000343434631011228,0.00034134631918026096,0.000343764587062419
700,4e-07,0.00010571254131493811,0.0001817173683538889,0.0002250429857897034,0.00016772444391919143,8.3435284930401e-05,3.481105908226819e-05,1.49911426670215e-05,-9.955881619523013e-07,-4.5797064931287e-05,1.9207181298334995e-05,0.000159507141473162,0.00029574710158067504,0.00034575108236854204,0.00034971626927033197,0.00034865636506584396,0.000352734416752726
700,6e-07,0.00010695227619272965,0.0001829283331755805,0.00022585219533551048,0.00016795694991734723,8.35022003465988e-05,3.5049556938430794e-05,1.5505003662473707e-05,-5.034890377093946e-07,-4.336262529638208e-05,2.2332232854088024e-05,0.00016330743733493304,0.00029967920265341,0.00034946833751402,0.00035336800575968,0.0003525418249866741,0.00035730599194979404
700,8e-07,0.0001078132515274225,0.00018376119735183228,0.0002264802512525293,0.00016823556849988197,8.366574797271929e-05,3.52754025680796e-05,1.579343565314079e-05,-1.5234790501981023e-07,-4.183314844668996e-05,2.432457127615501e-05,0.00016576255153200498,0.00030229225970991797,0.00035202094521447,0.000355957417851544,0.00035525046835323704,0.000360299191026866
700,1e-06,0.00010846074769216819,0.0001843937515090579,0.00022697979802194452,0.0001685011328371276,8.38560192867177e-05,3.55048994874533e-05,1.600422571201381e-05,7.81041144889028e-08,-4.076178191018899e-05,2.575835674460496e-05,0.00016752735333671096,0.000304204656380917,0.00035392834382113204,0.00035794152528426706,0.00035735441330660204,0.000362524253271078
800,2e-07,0.00010389781739424086,0.0001800346926043954,0.0002241587982699555,0.00016775663361942618,8.34162931940434e-05,3.3843001432876e-05,1.3121787070190501e-05,-1.8054348716371954e-06,-4.969369041167397e-05,1.4199694719896957e-05,0.00015361974954508195,0.00029000684657310295,0.00034067561635821205,0.000344702500331733,0.0003423258318565371,0.00034403346355286503
800,4e-07,0.00010613505506535417,0.0001820962996534541,0.0002252578061581795,0.00016776435415094104,8.34225295646147e-05,3.4723289533015604e-05,1.45775214664626e-05,-1.8505517565475056e-06,-4.496731803168197e-05,2.029119710183797e-05,0.00016078148311076095,0.00029703464872758603,0.00034700856503867497,0.0003510481197126449,0.00035001038766582695,0.00035371683425451
800,6e-07,0.00010734727583351545,0.00018331932200144548,0.000226106362539311,0.00016805105920583618,8.35627764245323e-05,3.5100556395787705e-05,1.5323358400437097e-05,-1.1488686889900003e-06,-4.2660335391541066e-05,2.3289029967819906e-05,0.000164468023532788,0.000300879063147638,0.00035065053891817797,0.000354642759343118,0.0003539592589374,0.000358563873348495
800,8e-07,0.00010818069623626153,0.00018415255470113939,0.00022675368769367339,0.00016836137946945484,8.37650495641621e-05,3.539319292414949e-05,1.57523523400686e-05,-6.276632055616008e-07,-4.1207605948049035e-05,2.518654681248902e-05,0.00016684006491895202,0.000303425416664195,0.000353145651134892,0.00035717685410850496,0.00035665501629657996,0.000361676412578901
800,1e-06,0.00010880922826056652,0.0001847761260999125,0.0002272652518738775,0.00016864778863103178,8.397986066979539e-05,3.5661702942055e-05,1.6050517734795394e-05,-2.64658469215903e-07,-4.019141134139505e-05,2.654628982879802e-05,0.00016854004898367802,0.00030528325777715395,0.00035500653679451205,0.00035911515018443094,0.00035872637252609604,0.00036395399527243806
900,2e-07,0.00010426779168235431,0.00018033321004266728,0.00022428071995009652,0.00016769167543261972,8.32132478933264e-05,3.344109419075889e-05,1.2392721360038894e-05,-2.582846170292712e-06,-4.8803045294973976e-05,1.5306774726440097e-05,0.000154868350139336,0.00029125137032767897,0.00034186396877648295,0.000345815912711467,0.00034315978435888096,0.00034421190542717597
900,4e-07,0.00010650100414585689,0.0001824302967698502,0.00022545682395936319,0.0001678174256066575,8.342737116805599e-05,3.46467385216869e-05,1.4196045868961296e-05,-2.632449661890308e-06,-4.426495213611498e-05,2.1211104028071026e-05,0.000161870984859878,0.00029814650064232106,0.000348109493807628,0.00035222480542003605,0.000351199788951433,0.000354551195546201
900,6e-07,0.00010769067573898199,0.00018365944563761012,0.0002263354776032802,0.00016814713154238636,8.36326560022171e-05,3.515706752918571e-05,1.5155970832496696e-05,-1.7410441258541978e-06,-4.2068631803859045e-05,2.4099549899542e-05,0.00016545679469054197,0.00030190823485130305,0.000351675486659121,0.000355763576072206,0.000355209976639144,0.00035966031192996
900,8e-07,0.0001084978453234197,0.00018449217719761202,0.00022699683703156508,0.0001684817073697601,8.386682920359979e-05,3.551205351085439e-05,1.5717416003973713e-05,-1.0634290386346025e-06,-4.068382513071399e-05,2.591722742206e-05,0.000167755642554785,0.00030439410928733503,0.00035411494414411005,0.000358241789527134,0.000357895284442256,0.00036288483975847603
900,1e-06,0.00010910675118418711,0.00018510907164660941,0.0002275163911634984,0.00016878409280262317,8.410095619073159e-05,3.58151401300904e-05,1.6099265536485293e-05,-5.786361239833025e-07,-3.971343444592404e-05,2.7213511849498006e-05,0.000169399260420282,0.00030620353127122,0.00035593212158622405,0.00036013430483941095,0.00035993551463907195,0.000365212259985964
1000,2e-07,0.00010459671911891224,0.00018060545928626,0.0002244043200308561,0.00016764652861587067,8.30294473424542e-05,3.30686115858305e-05,1.1719903223532805e-05,-3.258274679221102e-06,-4.8034732469866086e-05,1.626770247224003e-05,0.00015596314325109302,0.000292358264297598,0.00034292564184982,0.00034680402353133306,0.000343875748676672,0.000344326309715208
1000,4e-07,0.00010682190251830006,0.0001827281025616144,0.0002256415022186159,0.00016787813312227462,8.34425795525484e-05,3.457661001121521e-05,1.3841306908883092e-05,-3.3516320248556985e-06,-4.366003799946192e-05,2.2005409645455974e-05,0.00016281762240742995,0.00029912153062972,0.0003490868891791,0.00035327543726566905,0.00035225569189090703,0.000355265748077733
1000,6e-07,0.00010799303118412305,0.0001839593534117845,0.0002265433533064113,0.00016824265651430785,8.37070687442814e-05,3.5214156479606906e-05,1.4999203877265503e-05,-2.288924145239801e-06,-4.1559908661528006e-05,2.4797944771595064e-05,0.000166313429324429,0.000302805229218145,0.00035257767430302197,0.000356761857324513,0.00035632479024645506,0.000360626044112159
1000,8e-07,0.00010877670683380426,0.0001847903928742608,0.0002272152278227989,0.000168596034760363,8.396821520970259e-05,3.5628307549158604e-05,1.568461075813021e-05,-1.4664567788612927e-06,-4.0236241730966975e-05,2.6547246464033022e-05,0.00016854713836255298,0.00030523575603043796,0.00035496347894132705,0.000359185270658547,0.000359002277177289,0.000363956511826099
1000,1e-06,0.0001093661871673521,0.0001854020124798569,0.0002277401167991819,0.00016891073131846903,8.42178593464128e-05,3.59629253371781e-05,1.614616559630211e-05,-8.692311866955957e-07,-3.930601165359998e-05,2.778898914932999e-05,0.00017014087857391896,0.000307001752072088,0.000356739518778017,0.00036103279640933595,0.000361013966272569,0.000366331106218776
