% MP,res,freq (Hz),real(mf.VCoil_2/(mf.ICoil_1*mf.omega*1j)) (H),imag(mf.VCoil_2/(mf.ICoil_1*mf.omega*1j)) (H),real(mf.VCoil_3/(mf.ICoil_1*mf.omega*1j)) (H),imag(mf.VCoil_3/(mf.ICoil_1*mf.omega*1j)) (H)
50,2e-07,375,0.000582359527065049,-2.43429853227936e-06,0.000661526789782697,-9.98579094986281e-05
50,2e-07,750,0.000584450202144963,1.10302813262191e-05,0.000602776110449528,-0.000167190375494418
50,2e-07,1500,0.000601524680148769,1.85330002189343e-05,0.00047981347230899,-0.00020929795023306
50,2e-07,3000,0.000621904067444932,3.31214970686804e-06,0.000359305703908088,-0.000171526194618509
50,2e-07,6000,0.000621191079147445,-3.04912209613446e-05,0.000303633880069245,-0.000121058995864151
50,2e-07,12000,0.000591648938541336,-5.98465383948557e-05,0.000267783811465112,-0.000101118320240469
50,2e-07,24000,0.000550673450988641,-6.74431249054648e-05,0.000226137387308613,-9.07876337189016e-05
50,2e-07,48000,0.000518778000236388,-6.29064939960965e-05,0.000185524990924689,-7.38580044306228e-05
50,4e-07,375,0.000593768991829407,-2.33953071636033e-06,0.000662535526033105,-0.000100478431384205
50,4e-07,750,0.000593331649019845,8.80680534766818e-06,0.000603065155129317,-0.000167940803698873
50,4e-07,1500,0.000608826783257404,1.60257449607147e-05,0.000479643166802869,-0.000209719054873735
50,4e-07,3000,0.000627663077517464,7.35701316329466e-07,0.000359144058185945,-0.000171574858235287
50,4e-07,6000,0.000625735658308942,-3.26313266587597e-05,0.000303596626186092,-0.000121036303553527
50,4e-07,12000,0.000595443158299255,-6.15932618293041e-05,0.000267779690258747,-0.000101111176702957
50,4e-07,24000,0.000553833915083373,-6.90680282026736e-05,0.000226133478632781,-9.07860213427991e-05
50,4e-07,48000,0.000521183753784073,-6.44441145936469e-05,0.000185522214061646,-7.38553858715823e-05
50,6e-07,375,0.0006000632246449,8.12073694260712e-08,0.000663245995800628,-0.000100598744196213
50,6e-07,750,0.00059960989419332,8.02389595032117e-06,0.000603346157249372,-0.000168434103056389
50,6e-07,1500,0.000613385691215672,1.45950023394044e-05,0.000479556122130644,-0.000210006258986672
50,6e-07,3000,0.000631419654514773,-6.13596132705785e-07,0.000359035550874146,-0.000171619015245367
50,6e-07,6000,0.000628813345463896,-3.38244895791539e-05,0.000303569134270504,-0.000121022730791797
50,6e-07,12000,0.000598090898215693,-6.26123654072399e-05,0.000267776280428258,-0.000101106025252892
50,6e-07,24000,0.000556103022321928,-7.00809264785057e-05,0.000226130769796916,-9.07849841900331e-05
50,6e-07,48000,0.000522960010808213,-6.54778707045271e-05,0.000185520137293052,-7.38536025860107e-05
50,8e-07,375,0.000603492226396356,2.53668589343297e-06,0.000663698332532429,-0.000100550690002482
50,8e-07,750,0.000604398822387629,8.35070984568256e-06,0.000603638077500755,-0.000168763122331598
50,8e-07,1500,0.000616947114694197,1.35571608058057e-05,0.000479499611879891,-0.000210235107407641
50,8e-07,3000,0.000634176460919189,-1.49734967659679e-06,0.000358955061971794,-0.000171659425022633
50,8e-07,6000,0.000631168880932802,-3.4609432318617e-05,0.000303546569543313,-0.000121013204032754
50,8e-07,12000,0.000600160302198639,-6.3302800890986e-05,0.000267773273876212,-0.000101101966360728
50,8e-07,24000,0.000557913447007148,-7.08054209920941e-05,0.000226128652424642,-9.07841906300042e-05
50,8e-07,48000,0.000524405611178063,-6.62565849585027e-05,0.000185518440913451,-7.38522404569938e-05
50,1e-06,375,0.000605468833812784,4.53835920116768e-06,0.000663989953604939,-0.000100464294132543
50,1e-06,750,0.000607973851044433,9.25565265420937e-06,0.00060391077866471,-0.000168970025457031
50,1e-06,1500,0.000620006287206015,1.28782063830315e-05,0.000479466652316438,-0.000210433769764479
50,1e-06,3000,0.000636362795065594,-2.18776916484976e-06,0.000358891328682161,-0.00017169520491379
50,1e-06,6000,0.000633077634921899,-3.51639541371531e-05,0.000303527026519343,-0.00012100630837433
50,1e-06,12000,0.000601868523776264,-6.38073043729012e-05,0.000267770579653853,-0.000101098590342175
50,1e-06,24000,0.000559434686424984,-7.13599937194994e-05,0.000226126890016601,-9.07835366252784e-05
50,1e-06,48000,0.000525639020881619,-6.68792501642986e-05,0.000185516992477725,-7.38511348435005e-05
100,2e-07,375,0.000591606302902425,-2.05455980651728e-06,0.000662310059951578,-0.000100419453557466
100,2e-07,750,0.000593369786653719,9.4822884664595e-06,0.000603066745706346,-0.000167884978500767
100,2e-07,1500,0.000608954766180944,1.60078118574711e-05,0.00047965248183909,-0.000209716751266617
100,2e-07,3000,0.000627656187372231,7.08775876241303e-07,0.00035914172382403,-0.000171574573396147
100,2e-07,6000,0.000625718868641491,-3.26480885700395e-05,0.000303596637986827,-0.000121034235912523
100,2e-07,12000,0.00059543792123648,-6.16177375019823e-05,0.000267780519998445,-0.000101110406400122
100,2e-07,24000,0.000553865299321991,-6.91375948492492e-05,0.000226133946797576,-9.07861449075748e-05
100,2e-07,48000,0.000521247625161904,-6.47003679374999e-05,0.000185522200512313,-7.38552547272205e-05
100,4e-07,375,0.000601268869057657,-1.54716670323448e-06,0.000663302682490855,-0.000100924471468162
100,4e-07,750,0.000602318099583023,8.7315014551935e-06,0.000603482082606804,-0.000168642824760868
100,4e-07,1500,0.000617018777623043,1.41828801112739e-05,0.000479521202209507,-0.000210206755652655
100,4e-07,3000,0.000634292696758238,-1.51975938286198e-06,0.00035895892239419,-0.000171660604349174
100,4e-07,6000,0.000631163675255926,-3.46313017474189e-05,0.000303545849663768,-0.000121012768195562
100,4e-07,12000,0.000600149381293358,-6.33207818658177e-05,0.000267773625317214,-0.000101101247844451
100,4e-07,24000,0.00055791012383961,-7.08322163170554e-05,0.00022612910823814,-9.07841428623993e-05
100,4e-07,48000,0.000524438236765051,-6.63285245623519e-05,0.000185518518709035,-7.38523304412566e-05
100,6e-07,375,0.000607015345862349,3.54706009680098e-08,0.000663961155044267,-0.000101071769478088
100,6e-07,750,0.00060769255463813,8.53914649057e-06,0.000603806246425703,-0.000169077778992571
100,6e-07,1500,0.000621819608757406,1.34585145468689e-05,0.000479466698206564,-0.000210532125927635
100,6e-07,3000,0.00063843601563189,-2.55300262393386e-06,0.000358845684817351,-0.000171726840261134
100,6e-07,6000,0.000634701617387943,-3.56181121051376e-05,0.000303509974214215,-0.000121002088473434
100,6e-07,12000,0.000603321389518855,-6.42116163060277e-05,0.000267768139140592,-0.000101095089169792
100,6e-07,24000,0.000560743981463424,-7.18224802153307e-05,0.000226125740025563,-9.07828600389029e-05
100,6e-07,48000,0.000526729394830875,-6.74324815963022e-05,0.000185515854192139,-7.38502989871591e-05
100,8e-07,375,0.000610547314935307,1.91458426972961e-06,0.000664412427765195,-0.000101068778505482
100,8e-07,750,0.000611711187692634,8.72144985111215e-06,0.00060408234471736,-0.000169367965333721
100,8e-07,1500,0.00062521574305927,1.30408273539272e-05,0.000479446984485278,-0.000210776910764389
100,8e-07,3000,0.00064143096012245,-3.14567026273987e-06,0.0003587626771209,-0.000171782022930022
100,8e-07,6000,0.000637328944587599,-3.62057406397969e-05,0.000303482027637947,-0.000120995929136392
100,8e-07,12000,0.000605735170885903,-6.4762056748953e-05,0.00026776344187497,-0.000101090423256451
100,8e-07,24000,0.000562959078960759,-7.24858074785234e-05,0.00022612311586918,-9.07819052843193e-05
100,8e-07,48000,0.000528568592905503,-6.82426246117209e-05,0.000185513701034637,-7.38487625749455e-05
100,1e-06,375,0.000612758397603033,3.62959597634665e-06,0.000664722661203898,-0.000101011837090153
100,1e-06,750,0.000614869917207581,9.23092488702134e-06,0.000604326923352468,-0.000169567252213084
100,1e-06,1500,0.00062788978062354,1.27523369433367e-05,0.000479444336331262,-0.000210972356406994
100,1e-06,3000,0.000643756071702638,-3.52543718824219e-06,0.000358697713792815,-0.000171830777351998
100,1e-06,6000,0.000639412274340945,-3.65885263041817e-05,0.000303459021402623,-0.00012099202125095
100,1e-06,12000,0.000607687901808261,-6.51297464458977e-05,0.000267759281742931,-0.000101086697234738
100,1e-06,24000,0.000564787298071115,-7.29634737441764e-05,0.000226120950997697,-9.0781138190726e-05
100,1e-06,48000,0.000530118930597972,-6.88710469484701e-05,0.000185511879550599,-7.38475340100304e-05
200,2e-07,375,0.000600478400620519,-1.11972285391723e-06,0.000663134714290944,-0.000100910568409108
200,2e-07,750,0.000602385898367725,8.89605524160904e-06,0.000603473521145013,-0.000168598985142018
200,2e-07,1500,0.000617032461328813,1.4143294760506e-05,0.00047951910601518,-0.000210209598690863
200,2e-07,3000,0.000634252751313302,-1.55618598891746e-06,0.000358953839396746,-0.000171653516865152
200,2e-07,6000,0.000631139621971688,-3.46571715419878e-05,0.000303547162466097,-0.000121008464400536
200,2e-07,12000,0.000600197294468218,-6.33982950736091e-05,0.000267775457268348,-0.000101100282207588
200,2e-07,24000,0.000558071002166255,-7.11855095906581e-05,0.000226129535154704,-9.078429571291e-05
200,2e-07,48000,0.000524338786878466,-6.73319683243756e-05,0.000185518793773905,-7.38513372599032e-05
200,4e-07,375,0.000608576660851063,2.65164585435671e-07,0.000664109181264032,-0.000101337648787997
200,4e-07,750,0.000610959793597673,9.19115447579717e-06,0.000603955219714361,-0.000169302981766436
200,4e-07,1500,0.000625297868837563,1.3193145245313e-05,0.00047945790888921,-0.000210750052543615
200,4e-07,3000,0.000641440490481264,-3.1801652610456e-06,0.000358761251196724,-0.000171782477155938
200,4e-07,6000,0.000637302108510609,-3.62347264904139e-05,0.000303481541336009,-0.000120992837153219
200,4e-07,12000,0.000605722521805392,-6.47921763146425e-05,0.000267764644583056,-0.000101089155224478
200,4e-07,24000,0.000563014610932608,-7.25683499191734e-05,0.000226123839773829,-9.07820680437701e-05
200,4e-07,48000,0.000528726617261973,-6.86142085286107e-05,0.000185513634969637,-7.38485700722367e-05
200,6e-07,375,0.000613090595652668,1.39634346570951e-06,0.000664706264094922,-0.000101476626611865
200,6e-07,750,0.000615659064174188,9.65682757351241e-06,0.000604296414827887,-0.000169703410407175
200,6e-07,1500,0.00062997259807639,1.30064474461312e-05,0.000479442416113775,-0.000211076711949189
200,6e-07,3000,0.000645711154765924,-3.78131636084261e-06,0.000358651307266619,-0.000171873865907042
200,6e-07,6000,0.000641122844100887,-3.68830874643909e-05,0.00030343821435055,-0.000120987958355265
200,6e-07,12000,0.000609307136315812,-6.54138731206065e-05,0.000267756263720977,-0.000101082353542146
200,6e-07,24000,0.000566355066024001,-7.33652893742934e-05,0.000226119857210842,-9.07804978787234e-05
200,6e-07,48000,0.000531572469984781,-6.95372491215563e-05,0.000185510319106469,-7.38465905050068e-05
200,8e-07,375,0.000616150653507118,2.54695174294551e-06,0.000665121919041799,-0.000101509884581687
200,8e-07,750,0.000618864538617652,1.00799609125247e-05,0.000604569115321845,-0.000169961582349182
200,8e-07,1500,0.000633171636130133,1.30080487002475e-05,0.00047944249947364,-0.000211316765605169
200,8e-07,3000,0.000648697092137687,-4.04949567964508e-06,0.000358575922053346,-0.000171944010812991
200,8e-07,6000,0.000643870483360691,-3.72011351523511e-05,0.000303405825752035,-0.000120986826983773
200,8e-07,12000,0.000611958452846479,-6.57293006913962e-05,0.00026774937555465,-0.000101077600665935
200,8e-07,24000,0.000568910345808422,-7.3855967265056e-05,0.000226116726592231,-9.0779320998217e-05
200,8e-07,48000,0.000533789309940237,-7.02328508238721e-05,0.00018550773605002,-7.38450449540198e-05
200,1e-06,375,0.000618307074397265,3.6902034882556e-06,0.000665426238936374,-0.000101493442326448
200,1e-06,750,0.000621314797288537,1.04856616907988e-05,0.000604794449918519,-0.000170139858640095
200,1e-06,1500,0.00063557343445964,1.30740905261336e-05,0.000479453631042314,-0.000211507288501456
200,1e-06,3000,0.000650963533692687,-4.17731948136241e-06,0.000358518584864854,-0.00017200101106048
200,1e-06,6000,0.000645999123630331,-3.73635558121728e-05,0.000303380071747774,-0.00012098738700898
200,1e-06,12000,0.000614053715202259,-6.58933977778829e-05,0.000267743508021819,-0.000101074019841131
200,1e-06,24000,0.00057098121136074,-7.41744347279037e-05,0.000226114129512391,-9.07783894661592e-05
200,1e-06,48000,0.00053562945349722,-7.07656788933897e-05,0.000185505581439681,-7.38437957954756e-05
300,2e-07,375,0.00060523512228784,-2.77692188581759e-07,0.000663645470088719,-0.000101148121044394
300,2e-07,750,0.00060749942127904,8.96856675487005e-06,0.000603749492653814,-0.000169013441585545
300,2e-07,1500,0.000621854543439783,1.34323618781468e-05,0.000479461441342161,-0.000210520809599096
300,2e-07,3000,0.000638372139528642,-2.61588235346926e-06,0.000358838325368359,-0.000171714535468368
300,2e-07,6000,0.000634678830292028,-3.56699385972899e-05,0.000303512548552606,-0.000120994642745
300,2e-07,12000,0.000603460131777098,-6.44223611443656e-05,0.000267771244819464,-0.000101093291743913
300,2e-07,24000,0.000560984673941678,-7.26850119206356e-05,0.000226126529004183,-9.07827967245567e-05
300,2e-07,48000,0.000526218726763672,-6.93820862424366e-05,0.000185516832349968,-7.38483980621311e-05
300,4e-07,375,0.000612592705252504,1.43413816666128e-06,0.000664573481404912,-0.000101530762136748
300,4e-07,750,0.00061560708347731,9.75215837895266e-06,0.000604271367183644,-0.00016965931372525
300,4e-07,1500,0.000629993523360364,1.29910658242388e-05,0.000479444290990473,-0.000211080731253111
300,4e-07,3000,0.000645680441005007,-3.81633165576462e-06,0.000358646231961451,-0.000171869023593652
300,4e-07,6000,0.000641091602024467,-3.69023169537743e-05,0.000303438923358035,-0.00012098429693003
300,4e-07,12000,0.000609324911599832,-6.5443907602406e-05,0.000267757746872587,-0.000101081513358278
300,4e-07,24000,0.00056650535623726,-7.35449678681397e-05,0.000226120234463064,-9.07806985756588e-05
300,4e-07,48000,0.000531689770846957,-7.02777023486062e-05,0.000185510316567073,-7.38458540945705e-05
300,6e-07,375,0.000616454315883559,2.59717685034716e-06,0.000665138744193292,-0.000101660870422534
300,6e-07,750,0.000619930986086406,1.04265202063042e-05,0.00060460344316392,-0.000170025470404781
300,6e-07,1500,0.000634459959685004,1.30848083713315e-05,0.000479458062710682,-0.000211403168009385
300,6e-07,3000,0.00064989534444198,-4.15885222804766e-06,0.00035854143510303,-0.00017197335331374
300,6e-07,6000,0.000644967525298563,-3.73204268982148e-05,0.000303392014605446,-0.00012098393881146
300,6e-07,12000,0.000613047075612319,-6.58456242896983e-05,0.000267747526265491,-0.000101074615095155
300,6e-07,24000,0.000570061093990991,-7.40946234168715e-05,0.000226115938537425,-9.07790427852065e-05
300,6e-07,48000,0.000534940375577767,-7.08818145913318e-05,0.00018550647499766,-7.38441295582768e-05
300,8e-07,375,0.000619035512031345,3.53115937274004e-06,0.000665526435061877,-0.000101699262145049
300,8e-07,750,0.000622806196015712,1.09875837309734e-05,0.000604864143540493,-0.000170268092363475
300,8e-07,1500,0.000637453295644771,1.32575165838288e-05,0.000479474145224358,-0.000211630560285956
300,8e-07,3000,0.000652791537597598,-4.25055493833948e-06,0.000358471978510825,-0.000172051541976192
300,8e-07,6000,0.000647703330054306,-3.74690575849668e-05,0.000303357931900646,-0.000120986384087652
300,8e-07,12000,0.000615757736963406,-6.59957579660903e-05,0.000267739263935928,-0.000101070033500332
300,8e-07,24000,0.000572742732387546,-7.44194495507e-05,0.000226112552671821,-9.07777581973611e-05
300,8e-07,48000,0.000537360551001068,-7.13729843938156e-05,0.000185503631922785,-7.38427400309489e-05
300,1e-06,375,0.000620928169888781,4.37740763460921e-06,0.00066581183121949,-0.000101697952180022
300,1e-06,750,0.000624929253551265,1.14612522510208e-05,0.000605079159361109,-0.000170436350589428
300,1e-06,1500,0.000639676057433229,1.34388171369986e-05,0.0004794919028873,-0.000211808700267747
300,1e-06,3000,0.000654960330895357,-4.24578142768661e-06,0.000358420922455271,-0.00017211348499616
300,1e-06,6000,0.000649792947472002,-3.75026499226974e-05,0.000303331338690192,-0.000120989799069314
300,1e-06,12000,0.000617873401602818,-6.60275008985456e-05,0.000267732347886661,-0.000101066756362938
300,1e-06,24000,0.000574894484912954,-7.46066166288606e-05,0.000226109733797562,-9.07767348797703e-05
300,1e-06,48000,0.000539330801674339,-7.17646872707e-05,0.000185501315612815,-7.38415847018538e-05
400,2e-07,375,0.000608396168362419,4.24192510264709e-07,0.000664015730570747,-0.000101301198574961
400,2e-07,750,0.000610978369250127,9.17881474079911e-06,0.000603955374955465,-0.000169298546887907
400,2e-07,1500,0.000625238232012531,1.31029875313864e-05,0.000479430662613399,-0.000210746195566564
400,2e-07,3000,0.00064135627704073,-3.21974043248112e-06,0.000358756543943719,-0.000171764336732401
400,2e-07,6000,0.000637331493643714,-3.62954914557571e-05,0.00030348552739635,-0.000120986054696778
400,2e-07,12000,0.000605978164960864,-6.5169764261088e-05,0.000267767579515812,-0.0001010877823899
400,2e-07,24000,0.000563177164192251,-7.39373808510441e-05,0.000226124306680035,-9.07814457385223e-05
400,2e-07,48000,0.000527458428845112,-7.10691518424684e-05,0.00018551561910696,-7.38460505543884e-05
400,4e-07,375,0.000615211457378284,2.2664866873461e-06,0.000664899386817772,-0.000101637145275629
400,4e-07,750,0.000618700833183612,1.02560877196791e-05,0.000604507285371531,-0.000169902598765185
400,4e-07,1500,0.000633189004163502,1.29952296346142e-05,0.000479444179834172,-0.000211314285329948
400,4e-07,3000,0.000648644726934392,-4.11457104350011e-06,0.000358567031457492,-0.00017193560169412
400,4e-07,6000,0.000643816261206307,-3.72346577063607e-05,0.000303407248499378,-0.000120980183073056
400,4e-07,12000,0.000612006874560407,-6.57948878403845e-05,0.000267752009614618,-0.000101076029572284
400,4e-07,24000,0.000569196238960318,-7.42504183799981e-05,0.000226117420162701,-9.07795683269218e-05
400,4e-07,48000,0.000533912398577358,-7.16555068303433e-05,0.000185507881015569,-7.38436405216091e-05
400,6e-07,375,0.000618718805081881,3.45725207944903e-06,0.000665435916763732,-0.000101763460053478
400,6e-07,750,0.000622725319251726,1.10365582933683e-05,0.000604834268595443,-0.000170234598901571
400,6e-07,1500,0.000637473162067509,1.32558874716625e-05,0.000479477614924858,-0.000211633516054868
400,6e-07,3000,0.000652768225886941,-4.28442142425952e-06,0.000358467169963828,-0.000172048005958405
400,6e-07,6000,0.000647672159670494,-3.74874699515457e-05,0.00030335832676436,-0.000120983171199063
400,6e-07,12000,0.000615761151242629,-6.60117333267065e-05,0.000267740541777967,-0.000101069273975303
400,6e-07,24000,0.000572864982665395,-7.45287825737807e-05,0.000226112900793484,-9.07779551330998e-05
400,6e-07,48000,0.000537531846466319,-7.19400319466895e-05,0.00018550355149103,-7.38421785828833e-05
400,8e-07,375,0.000620998234489452,4.34315985532213e-06,0.000665804872520754,-0.000101802909449193
400,8e-07,750,0.000625382203727867,1.16418544461008e-05,0.000605081073022336,-0.000170460148387571
400,8e-07,1500,0.000640303958517761,1.3534757549705e-05,0.000479507246483131,-0.000211852161029942
400,8e-07,3000,0.000655567709643139,-4.26600220601054e-06,0.000358402311539582,-0.000172130832108849
400,8e-07,6000,0.0006503629783056,-3.75223395179438e-05,0.000303323402830588,-0.000120988251974363
400,8e-07,12000,0.000618468885743313,-6.60375805856505e-05,0.00026773137404861,-0.000101064918619473
400,8e-07,24000,0.000575588618006634,-7.46947455609303e-05,0.000226109360504376,-9.07766452689347e-05
400,8e-07,48000,0.000540111311491806,-7.22015150172861e-05,0.000185500476075786,-7.38409895158158e-05
400,1e-06,375,0.000622661628989758,5.07185656420994e-06,0.000666075111650701,-0.000101806278093615
400,1e-06,750,0.000627325971181013,1.2144614137429e-05,0.00060528428528813,-0.000170620560814681
400,1e-06,1500,0.000642382128630425,1.37827498136511e-05,0.000479532523340624,-0.000212019592600863
400,1e-06,3000,0.000657647911957057,-4.18312080336168e-06,0.00035835560133182,-0.000172195801604403
400,1e-06,6000,0.000652399326197084,-3.74718155795311e-05,0.000303296551643177,-0.000120993734113704
400,1e-06,12000,0.000620565621201621,-6.59761854563423e-05,0.0002677237623768,-0.00010106191423503
400,1e-06,24000,0.000577758520309191,-7.47700000982344e-05,0.000226106411627183,-9.07755833411876e-05
400,1e-06,48000,0.000542159382217905,-7.24330132890701e-05,0.000185498042691324,-7.38399722164601e-05
500,2e-07,375,0.000610716522465104,1.0034482030823e-06,0.000664301945211171,-0.000101413128770561
500,2e-07,750,0.000613569080648729,9.41940934669339e-06,0.00060411873124911,-0.000169512144141201
500,2e-07,1500,0.000627811576080275,1.29454043761853e-05,0.000479412796434344,-0.000210921055655018
500,2e-07,3000,0.000643685011951992,-3.59852096643082e-06,0.000358694177362101,-0.000171806579055397
500,2e-07,6000,0.000639459399830775,-3.67302271006688e-05,0.0003034631918992,-0.000120980244638081
500,2e-07,12000,0.000608023449585597,-6.57837772068984e-05,0.000267764369448838,-0.000101083157757188
500,2e-07,24000,0.000564903138960791,-7.50253935988829e-05,0.000226122595779042,-9.07802115845302e-05
500,2e-07,48000,0.000528302379730336,-7.24921586092755e-05,0.000185514856144552,-7.38441189940562e-05
500,4e-07,375,0.000617100899454123,2.92410282096852e-06,0.000665152414558967,-0.000101703443287194
500,4e-07,750,0.000620974111385699,1.06846595683599e-05,0.000604691920890725,-0.000170085623295842
500,4e-07,1500,0.000635569312171285,1.30719144280316e-05,0.000479449314381901,-0.000211492684034502
500,4e-07,3000,0.000650893647509758,-4.26074107879356e-06,0.000358507824473331,-0.000171989337709486
500,4e-07,6000,0.000645930668616232,-3.74096315687523e-05,0.000303382173853029,-0.000120978289242652
500,4e-07,12000,0.00061414824654629,-6.60071403134715e-05,0.000267747044344882,-0.000101071790740239
500,4e-07,24000,0.000571381092679849,-7.48289529640832e-05,0.000226115111827003,-9.0778549420605e-05
500,4e-07,48000,0.000535656937067896,-7.28441030126743e-05,0.000185506017701342,-7.38417624721302e-05
500,6e-07,375,0.000620362470850796,4.10531409242919e-06,0.000665659978464843,-0.000101824610938251
500,6e-07,750,0.000624764135531337,1.15400066814511e-05,0.000605018797612688,-0.000170389009129148
500,6e-07,1500,0.000639694985445986,1.34406084041823e-05,0.000479496438291285,-0.000211808671817631
500,6e-07,3000,0.000654920662809361,-4.30904270372885e-06,0.000358412198936494,-0.000172107367920546
500,6e-07,6000,0.00064973519472766,-3.75362863539296e-05,0.00030333210620636,-0.000120983821734445
500,6e-07,12000,0.000617884145412777,-6.6059664920181e-05,0.000267734687115604,-0.000101065315134509
500,6e-07,24000,0.00057512820241346,-7.48311485213032e-05,0.000226110386215093,-9.07770475286457e-05
500,6e-07,48000,0.000539616768344572,-7.28402437886522e-05,0.000185501227228046,-7.38405291673475e-05
500,8e-07,375,0.000622453053757083,4.97177027422636e-06,0.000666012904853069,-0.000101865834421571
500,8e-07,750,0.000627244717457534,1.21655805800939e-05,0.000605255064318115,-0.000170596374206899
500,8e-07,1500,0.000642398354123485,1.37877673648093e-05,0.000479536338839941,-0.000212021459918642
500,8e-07,3000,0.000657630460863332,-4.21498736734285e-06,0.000358351153553462,-0.000172193182419027
500,8e-07,6000,0.000652370083366242,-3.74901980740827e-05,0.000303296731406338,-0.000120990871297541
500,8e-07,12000,0.00062056081613581,-6.59865041002254e-05,0.00026772489571544,-0.000101061208106032
500,8e-07,24000,0.000577856707109305,-7.48414649394667e-05,0.000226106737071675,-9.07757710271136e-05
500,8e-07,48000,0.000542342028344021,-7.28792282733419e-05,0.000185497934465937,-7.38395322173931e-05
500,1e-06,375,0.0006239558629337,5.65439158234012e-06,0.000666271749684506,-0.000101871630053602
500,1e-06,750,0.000629056683159223,1.26716467775364e-05,0.000605446805478397,-0.000170747637596029
500,1e-06,1500,0.000644365262717729,1.40825316819142e-05,0.000479568677310271,-0.00021218119167492
500,1e-06,3000,0.000659632541328703,-4.08103740032136e-06,0.000358307760250039,-0.000172259995761571
500,1e-06,6000,0.000654352210055904,-3.7381718391053e-05,0.000303269816975315,-0.000120997921136073
500,1e-06,12000,0.000622622857284722,-6.5855145299796e-05,0.000267716811401379,-0.000101058444328018
500,1e-06,24000,0.000580014977630504,-7.4815582060097e-05,0.000226103705982099,-9.07747090035064e-05
500,1e-06,48000,0.000544452119752001,-7.29478785215993e-05,0.000185495390519798,-7.38386638652692e-05
600,2e-07,375,0.000612520633590777,1.48987279313199e-06,0.00066453228914926,-0.000101499996891386
600,2e-07,750,0.000615607239787911,9.65851632723549e-06,0.000604253542141886,-0.000169680958376643
600,2e-07,1500,0.000629868560493454,1.28778806111641e-05,0.000479402275565192,-0.000211062742393692
600,2e-07,3000,0.000645587509635686,-3.85020309495904e-06,0.000358644285267301,-0.000171843368286917
600,2e-07,6000,0.000641236298593311,-3.70596562197023e-05,0.000303444077716653,-0.000120976051831096
600,2e-07,12000,0.000609733887191641,-6.63176907501684e-05,0.000267761538968491,-0.000101079140864569
600,2e-07,24000,0.000566304319733857,-7.59913735864367e-05,0.000226121239884328,-9.07790759295865e-05
600,2e-07,48000,0.000528881901764062,-7.37061644266555e-05,0.000185514385403399,-7.38425040945964e-05
600,4e-07,375,0.000618559476167332,3.46802134319575e-06,0.000665359449444027,-0.000101749673050695
600,4e-07,750,0.000622742989820025,1.1050863020303e-05,0.000604841662178901,-0.000170230393546654
600,4e-07,1500,0.000637442422966452,1.31757029273445e-05,0.000479456628379145,-0.000211635808788546
600,4e-07,3000,0.000652688184387903,-4.3272107419673e-06,0.000358461317302782,-0.000172034209876864
600,4e-07,6000,0.000647650440316501,-3.75002953610319e-05,0.000303361492286864,-0.000120977651890259
600,4e-07,12000,0.00061593064252272,-6.61492379452868e-05,0.000267742643144272,-0.000101068343865235
600,4e-07,24000,0.000573208231821608,-7.53331044412402e-05,0.000226113169991051,-9.07776035567245e-05
600,4e-07,48000,0.000537069343750824,-7.38932707941729e-05,0.00018550454869733,-7.38401306788912e-05
600,6e-07,375,0.000621621438670608,4.62673401983258e-06,0.000665839903368821,-0.00010186254005131
600,6e-07,750,0.000626348769178364,1.19604869411469e-05,0.000605170642552473,-0.000170511251597105
600,6e-07,1500,0.000641429648611089,1.36199894445172e-05,0.000479514006980006,-0.000211948342521696
600,6e-07,3000,0.000656621027595787,-4.28677503255506e-06,0.000358369206208937,-0.00017215633365982
600,6e-07,6000,0.000651389241570107,-3.75262002742175e-05,0.000303310814863748,-0.000120985185727262
600,6e-07,12000,0.000619623226367918,-6.60494925094087e-05,0.000267729625025471,-0.000101062235741763
600,6e-07,24000,0.000577023484809262,-7.50684143274206e-05,0.000226108234515283,-9.0776241536454e-05
600,6e-07,48000,0.000541343148248633,-7.36318930377286e-05,0.00018549933018857,-7.38390882627076e-05
600,8e-07,375,0.000623578830127874,5.47079967739784e-06,0.000666177075046139,-0.000101905385568322
600,8e-07,750,0.000628684776922038,1.26027159119863e-05,0.000605400209475541,-0.000170701515994014
600,8e-07,1500,0.000644027932259499,1.40122511586044e-05,0.000479561520050739,-0.000212156701156547
600,8e-07,3000,0.000659250580680355,-4.13813783260678e-06,0.000358311383187606,-0.000172244279341123
600,8e-07,6000,0.000653965089282496,-3.74195125714732e-05,0.000303275221846287,-0.000120993739028519
600,8e-07,12000,0.000622254575761667,-6.58931576147021e-05,0.000267719394581971,-0.00010105838627505
600,8e-07,24000,0.000579742097540182,-7.49262753999289e-05,0.000226104492335746,-9.07750342685314e-05
600,8e-07,48000,0.000544205032284818,-7.34662265435663e-05,0.000185495829340907,-7.38382712891837e-05
600,1e-06,375,0.000624970983350524,6.12859646403445e-06,0.000666426163544459,-0.000101913555898093
600,1e-06,750,0.000630386972751315,1.31059961717349e-05,0.000605582425478698,-0.000170842609286383
600,1e-06,1500,0.000645907384700685,1.43394917985407e-05,0.000479599723068882,-0.000212310913658473
600,1e-06,3000,0.000661184362792506,-3.96810120835599e-06,0.000358270718953477,-0.000172312280602228
600,1e-06,6000,0.000655895033639994,-3.72694299354837e-05,0.0003032483279927,-0.000121001998142545
600,1e-06,12000,0.000624274900539547,-6.57066738742861e-05,0.000267710979537009,-0.000101055839812757
600,1e-06,24000,0.000581874517319605,-7.48053909257906e-05,0.000226101406497151,-9.07740021386076e-05
600,1e-06,48000,0.000546372453388712,-7.33793747657704e-05,0.000185493176860366,-7.38375432640882e-05
700,2e-07,375,0.000613978987731734,1.90689434523852e-06,0.000664723348666199,-0.000101569732568199
700,2e-07,750,0.000617271119224175,9.88596381572848e-06,0.00060436779031329,-0.000169819298752861
700,2e-07,1500,0.000631570062748545,1.28617256786261e-05,0.000479396361300802,-0.000211181141229645
700,2e-07,3000,0.000647191368103736,-4.02431542324761e-06,0.000358602987972923,-0.000171876017756984
700,2e-07,6000,0.000642759197260386,-3.73265714123537e-05,0.000303427345505456,-0.000120972855969378
700,2e-07,12000,0.000611193661677071,-6.67952494511839e-05,0.000267759030665843,-0.000101075577557442
700,2e-07,24000,0.000567466467254019,-7.68620415195437e-05,0.000226120148073758,-9.07780313223795e-05
700,2e-07,48000,0.000529278696422485,-7.47478792766459e-05,0.000185514109360066,-7.38411454512234e-05
700,4e-07,375,0.000619736815222796,3.92760143276212e-06,0.000665533880154083,-0.000101784939882176
700,4e-07,750,0.000624173836626858,1.13687073548689e-05,0.000604966655328523,-0.00017034866099902
700,4e-07,1500,0.000638971915254487,1.32884860428924e-05,0.000479464773781325,-0.000211754499746811
700,4e-07,3000,0.000654170622739238,-4.34820531524159e-06,0.000358423521158563,-0.000172072649234433
700,4e-07,6000,0.000649095010958704,-3.7542487936934e-05,0.000303343928590162,-0.000120977772867335
700,4e-07,12000,0.000617454958537489,-6.62543786042408e-05,0.000267738689267157,-0.000101065437686509
700,4e-07,24000,0.000574767874410894,-7.57855727141552e-05,0.00022611150934505,-9.07767153811767e-05
700,4e-07,48000,0.000538237780135923,-7.48342769436591e-05,0.000185503363383197,-7.38386887817068e-05
700,6e-07,375,0.000622627988906413,5.06518821082665e-06,0.000665990614202795,-0.000101887087981903
700,6e-07,750,0.000627630353330875,1.23164562720035e-05,0.000605298120476787,-0.000170611876903577
700,6e-07,1500,0.000642837784978163,1.37886389815035e-05,0.00047953034764323,-0.000212063556354007
700,6e-07,3000,0.000658013542133967,-4.24083371278275e-06,0.000358334339480557,-0.00017219778363013
700,6e-07,6000,0.000652761334280511,-3.74847319739342e-05,0.000303292996766491,-0.000120986932320533
700,6e-07,12000,0.000621093154621425,-6.60101952561372e-05,0.000267725148861745,-0.000101059752194568
700,6e-07,24000,0.000578648182951066,-7.52704963413766e-05,0.000226106357964392,-9.07755000038503e-05
700,6e-07,48000,0.000542803741674997,-7.43412986672699e-05,0.000185497749725203,-7.38378096295605e-05
700,8e-07,375,0.000624479033564086,5.88283630855449e-06,0.000666312182010776,-0.000101930415218868
700,8e-07,750,0.000629848359061275,1.29740029868443e-05,0.00060552378778512,-0.000170787194364988
700,8e-07,1500,0.000645346179115648,1.42121076763593e-05,0.000479583627583643,-0.00021226814357617
700,8e-07,3000,0.000660571493876841,-4.05178068789402e-06,0.000358279234166923,-0.000172287349187776
700,8e-07,6000,0.000655278285603383,-3.73309148903937e-05,0.000303257340388913,-0.000120996662863113
700,8e-07,12000,0.000623672024357047,-6.57807652820314e-05,0.000267714606505503,-0.000101056167850111
700,8e-07,24000,0.000581352995124092,-7.49809479227097e-05,0.000226102526770855,-9.07743835758505e-05
700,8e-07,48000,0.000545793239011006,-7.39894977734292e-05,0.00018549404798414,-7.38371498684094e-05
700,1e-06,375,0.000625790174562586,6.5197862134662e-06,0.000666551956472775,-0.000101940961478702
700,1e-06,750,0.000631457121908495,1.34756958199889e-05,0.00060569876516389,-0.000170918055689069
700,1e-06,1500,0.000647153826569835,1.45616362402575e-05,0.000479626473233124,-0.000212418161781687
700,1e-06,3000,0.000662445555212541,-3.8550459830544e-06,0.000358240898831624,-0.000172356178820182
700,1e-06,6000,0.000657158860497553,-3.71498493638703e-05,0.000303230516676421,-0.000121005868650588
700,1e-06,12000,0.000625647483461664,-6.55489246992587e-05,0.000267705958177397,-0.000101053824186712
700,1e-06,24000,0.00058345380954733,-7.47691749903419e-05,0.000226099396240728,-9.07734007023557e-05
700,1e-06,48000,0.000548015544651737,-7.37584494760146e-05,0.000185491291380659,-7.38365535905035e-05
800,2e-07,375,0.000615191909145825,2.27073392832885e-06,0.000664885599557499,-0.000101627083465912
800,2e-07,750,0.000618666212174039,1.00990745569444e-05,0.000604466517454142,-0.000169935618047451
800,2e-07,1500,0.000633013260671063,1.28764036388235e-05,0.000479393511125981,-0.000211282394631132
800,2e-07,3000,0.00064857475321385,-4.1487662586288e-06,0.000358567906640747,-0.000171905399878055
800,2e-07,6000,0.000644088081367127,-3.75540095735916e-05,0.000303412465008915,-0.000120970302767635
800,2e-07,12000,0.000612459293093456,-6.7229368163735e-05,0.000267756792761723,-0.000101072369596611
800,2e-07,24000,0.000568445088128746,-7.7655279253467e-05,0.000226119256272209,-9.07770663236575e-05
800,2e-07,48000,0.000529547425676187,-7.56454293171471e-05,0.000185513962123322,-7.38399944455099e-05
800,4e-07,375,0.000620716260464264,4.32149547687317e-06,0.000665683578495946,-0.000101813559588481
800,4e-07,750,0.000625364632396308,1.16486780347991e-05,0.00060507343529447,-0.000170447621618655
800,4e-07,1500,0.000640254622060387,1.34025201456635e-05,0.000479473138949626,-0.000211855286012516
800,4e-07,3000,0.00065542666733733,-4.34187246871698e-06,0.000358392018609744,-0.000172106226619658
800,4e-07,6000,0.000650337246052567,-3.75558379552483e-05,0.000303328681013892,-0.000120978367519863
800,4e-07,12000,0.000618783224322124,-6.63396285179254e-05,0.000267735104609479,-0.000101062918050941
800,4e-07,24000,0.000576120453956643,-7.6198357100741e-05,0.000226110066290816,-9.07758785672036e-05
800,4e-07,48000,0.000539219229171102,-7.56879515448458e-05,0.000185502394916592,-7.38373997882983e-05
800,6e-07,375,0.000623460052947204,5.44343933365245e-06,0.000666120388338745,-0.000101903836499863
800,6e-07,750,0.000628695989956112,1.26225986908845e-05,0.000605406959988292,-0.000170696723310561
800,6e-07,1500,0.000644013563448818,1.3945336346151e-05,0.00047954553991603,-0.00021216102619316
800,6e-07,3000,0.000659184391464881,-4.18251916514383e-06,0.000358305328317243,-0.00017223357837098
800,6e-07,6000,0.000653928281678563,-3.74261121647057e-05,0.000303277742760385,-0.000120988888589238
800,6e-07,12000,0.000622363888270881,-6.59571317393463e-05,0.000267721128927763,-0.000101057688135134
800,6e-07,24000,0.000580063958524591,-7.54514471446406e-05,0.000226104699587191,-9.07748055450777e-05
800,6e-07,48000,0.000544060284909847,-7.49855273975762e-05,0.000185496411561352,-7.38366587085862e-05
800,8e-07,375,0.00062521939574652,6.23450510670253e-06,0.000666427001694569,-0.000101946191129559
800,8e-07,750,0.00063081697632536,1.32931311957414e-05,0.000605630429512871,-0.000170859423505398
800,8e-07,1500,0.0006464434338007,1.43915029317244e-05,0.000479603368881748,-0.000212362184761949
800,8e-07,3000,0.000661677931557219,-3.96302360183217e-06,0.000358252514893024,-0.000172324403071287
800,8e-07,6000,0.000656387782378567,-3.72345110238639e-05,0.000303242131243675,-0.000120999560588026
800,8e-07,12000,0.000624887217648479,-6.56611823048965e-05,0.000267710363539974,-0.000101054375229046
800,8e-07,24000,0.000582755794445731,-7.50214384479623e-05,0.000226100778149151,-9.07737907880309e-05
800,8e-07,48000,0.000547168932431032,-7.4463801812193e-05,0.000185492519852131,-7.38361386066314e-05
800,1e-06,375,0.000626466129132108,6.85047312275352e-06,0.000666657540473503,-0.000101958755137813
800,1e-06,750,0.000632346438375927,1.37954387916435e-05,0.000605800148547129,-0.000170980687308269
800,1e-06,1500,0.000648189901555572,1.47564787575655e-05,0.000479649852571894,-0.000212508773116312
800,1e-06,3000,0.000663499453100423,-3.74606529205821e-06,0.000358216195323269,-0.00017239385392309
800,1e-06,6000,0.000658221950449673,-3.70296582281886e-05,0.000303215413655161,-0.000121009518897984
800,1e-06,12000,0.000626816701484557,-6.5390518917322e-05,0.000267701551300126,-0.000101052221859377
800,1e-06,24000,0.000584823980664318,-7.47223522701336e-05,0.000226097608138222,-9.0772870004929e-05
800,1e-06,48000,0.000549443655900743,-7.41003215035801e-05,0.000185489660628305,-7.38356630343642e-05
900,2e-07,375,0.000616222926901062,2.59263948569431e-06,0.000665025972196036,-0.00010167515219666
900,2e-07,750,0.000619859925906725,1.02979072550613e-05,0.000604553151180285,-0.000170035302787606
900,2e-07,1500,0.000634261128635985,1.29101579539735e-05,0.000479392778496649,-0.000211370561996123
900,2e-07,3000,0.000649788859164415,-4.24044430168629e-06,0.000358537488836736,-0.000171932119734306
900,2e-07,6000,0.000645263047408603,-3.77549332342986e-05,0.00030339907863212,-0.000120968181127625
900,2e-07,12000,0.000613570697234088,-6.76283545052361e-05,0.000267754784522621,-0.000101069448695995
900,2e-07,24000,0.000569278308838086,-7.83834522786279e-05,0.000226118524479205,-9.07761736386668e-05
900,2e-07,48000,0.000529725807144532,-7.64218605819887e-05,0.000185513901717356,-7.3839014411696e-05
900,4e-07,375,0.000621548828903858,4.66330899669789e-06,0.000665813781039973,-0.000101837695149159
900,4e-07,750,0.000626377449950097,1.18982749584112e-05,0.000605166345922026,-0.000170532021811439
900,4e-07,1500,0.000641352439856081,1.35144127276052e-05,0.000479481454996203,-0.000211942411231758
900,4e-07,3000,0.000656511740279375,-4.31858810490847e-06,0.000358365239637054,-0.000172136013711566
900,4e-07,6000,0.000651424711057478,-3.7551888273673e-05,0.00030331521724985,-0.000120979259441729
900,4e-07,12000,0.000619956636616088,-6.64139500272831e-05,0.000267731831196052,-0.00010106068854897
900,4e-07,24000,0.000577308592687392,-7.65790404276584e-05,0.000226108803735959,-9.07750862966197e-05
900,4e-07,48000,0.000540052789623297,-7.64686872850539e-05,0.000185501594077096,-7.38362376231636e-05
900,6e-07,375,0.000624165542628374,5.77468993429399e-06,0.000666234174432233,-0.000101915985804688
900,6e-07,750,0.000629600830615879,1.28899713401301e-05,0.000605501280716337,-0.00017076947429748
900,6e-07,1500,0.00064501645906035,1.40903872088162e-05,0.000479559664369808,-0.000212245090394464
900,6e-07,3000,0.00066018895330274,-4.11785463977365e-06,0.000358280718451437,-0.00017226498618216
900,6e-07,6000,0.000654939935574582,-3.73582988494229e-05,0.000303264448915461,-0.00012099095485164
900,6e-07,12000,0.000623481055890002,-6.58988645592223e-05,0.000267717479817796,-0.000101055932088408
900,6e-07,24000,0.000581313197648296,-7.56181787397702e-05,0.000226103221009152,-9.07741495722669e-05
900,6e-07,48000,0.000545155573845119,-7.55766581323253e-05,0.000185495261915159,-7.38356140064711e-05
900,8e-07,375,0.000625843122150222,6.5417932021257e-06,0.000666526947280936,-0.000101956052121294
900,8e-07,750,0.000631640685053161,1.3570532079485e-05,0.000605723457631101,-0.000170921645118127
900,8e-07,1500,0.000647376881874022,1.45537814874361e-05,0.000479621239319237,-0.000212443055544129
900,8e-07,3000,0.000662623958061043,-3.87508006167089e-06,0.000358229848773708,-0.000172356787431431
900,8e-07,6000,0.000657343905211568,-3.71355655168242e-05,0.000303228961067458,-0.000121002394720424
900,8e-07,12000,0.00062594833598731,-6.55408422729456e-05,0.000267706546460176,-0.0001010528957838
900,8e-07,24000,0.000583994491137519,-7.50558225534937e-05,0.000226099206695263,-9.07732385574674e-05
900,8e-07,48000,0.000548376032405211,-7.48986473788147e-05,0.000185491192646735,-7.38352183401801e-05
900,1e-06,375,0.000627034931274543,7.13673978689412e-06,0.000666748365720467,-0.000101970011397293
900,1e-06,750,0.000633102925360452,1.40747943866284e-05,0.000605889413510954,-0.000171034277259981
900,1e-06,1500,0.000649069867914939,1.49297247310434e-05,0.000479670607494657,-0.000212586666432455
900,1e-06,3000,0.000664398809506697,-3.64263422480784e-06,0.000358195278235477,-0.000172426727027431
900,1e-06,6000,0.000659134498627435,-3.69120046589654e-05,0.000303202377041211,-0.000121012960849697
900,1e-06,12000,0.000627831927838191,-6.52357845327216e-05,0.00026769762299878,-0.000101050924662812
900,1e-06,24000,0.000586031512366649,-7.46731228045853e-05,0.000226095997727577,-9.07723883410706e-05
900,1e-06,48000,0.000550700493488875,-7.44134869698603e-05,0.000185488233502911,-7.3834850845877e-05
1000,2e-07,375,0.000617114519345621,2.88062244595124e-06,0.000665149251815487,-0.000101716096672961
1000,2e-07,750,0.000620897841994647,1.0483458252338e-05,0.000604630139522407,-0.000170122001033922
1000,2e-07,1500,0.000635356692443056,1.29558646428901e-05,0.000479393549191963,-0.000211448455387966
1000,2e-07,3000,0.000650868937847451,-4.31008750484531e-06,0.000358510673549853,-0.000171956616120716
1000,2e-07,6000,0.000646312570383206,-3.79369126033848e-05,0.000303386928533386,-0.000120966359945839
1000,2e-07,12000,0.000614556998130402,-6.79981567118415e-05,0.000267752974599069,-0.000101066768297672
1000,2e-07,24000,0.000569993668743773,-7.90554439731421e-05,0.000226117920067101,-9.07753471966749e-05
1000,2e-07,48000,0.000529840208179762,-7.70964476874363e-05,0.000185513898464554,-7.38381730082152e-05
1000,4e-07,375,0.00062226821500818,4.96338791428206e-06,0.000665928253007642,-0.000101858514604018
1000,4e-07,750,0.000627253783108952,1.21229559207994e-05,0.000605248373463496,-0.000170605146640815
1000,4e-07,1500,0.000642307233133595,1.36227090297169e-05,0.000479489610726165,-0.000212018793188899
1000,4e-07,3000,0.000657463644049923,-4.28463659666637e-06,0.000358342113420203,-0.000172162769718941
1000,4e-07,6000,0.000652390055207313,-3.75377563935776e-05,0.000303303166028213,-0.000120980335946126
1000,4e-07,12000,0.000621004262224794,-6.64820747665268e-05,0.000267728824959125,-0.000101058684777742
1000,4e-07,24000,0.000578363377478382,-7.69330288456155e-05,0.000226107685587475,-9.07743357544986e-05
1000,4e-07,48000,0.00054076667661101,-7.71868148244006e-05,0.000185500928533277,-7.38351827995449e-05
1000,6e-07,375,0.000624775290777305,6.06767350949105e-06,0.000666335199438833,-0.000101925357674632
1000,6e-07,750,0.000630382038731739,1.31266875752365e-05,0.000605584093960144,-0.000170832665836548
1000,6e-07,1500,0.000645886237736043,1.42246644440333e-05,0.000479572808411614,-0.000212318688862378
1000,6e-07,3000,0.000661064749891691,-4.05025313042613e-06,0.000358259520673546,-0.000172292909644734
1000,6e-07,6000,0.00065583036953435,-3.72860025516216e-05,0.000303252695231328,-0.000120993071295903
1000,6e-07,12000,0.000624475994631359,-6.58402501506001e-05,0.000267714137306846,-0.000101054406630207
1000,6e-07,24000,0.000582426683084347,-7.57743212608482e-05,0.000226101892837892,-9.07735251381137e-05
1000,6e-07,48000,0.000546120309018246,-7.61235813835575e-05,0.000185494264906087,-7.38346572383177e-05
1000,8e-07,375,0.000626379242688281,6.81454961192825e-06,0.000666615484419248,-0.000101962157221876
1000,8e-07,750,0.000632352641601498,1.38143614082758e-05,0.000605805395137465,-0.000170976031465985
1000,8e-07,1500,0.000648184714337033,1.47015529930689e-05,0.00047963757597448,-0.00021251367482973
1000,8e-07,3000,0.000663446074553275,-3.78942180939002e-06,0.000358210318522837,-0.000172385456569753
1000,8e-07,6000,0.000658180869555379,-3.70369344412294e-05,0.000303217390614052,-0.000121005149650932
1000,8e-07,12000,0.000626888346282997,-6.54233430120444e-05,0.00026770307562445,-0.000101051650561203
1000,8e-07,24000,0.000585100059482433,-7.50881073664376e-05,0.000226097782305144,-9.07727181245678e-05
1000,8e-07,48000,0.000549446539070471,-7.53008307111815e-05,0.000185490027244372,-7.38343739323202e-05
1000,1e-06,375,0.000627522050579295,7.3893939872741e-06,0.000666828062232895,-0.000101976793180078
1000,1e-06,750,0.00063375762218228,1.43209303238049e-05,0.00060596863303295,-0.000171081082156052
1000,1e-06,1500,0.000649830163974721,1.50855224112649e-05,0.000479689285400802,-0.000212654594387917
1000,1e-06,3000,0.000665179020134611,-3.54505266544197e-06,0.000358177268062523,-0.000172455783983911
1000,1e-06,6000,0.000659930480107602,-3.67983533427592e-05,0.000303190961329585,-0.000121016212689172
1000,1e-06,12000,0.000628726875907769,-6.50869302738119e-05,0.000267694079498433,-0.00010104985561099
1000,1e-06,24000,0.000587108499544562,-7.4625776733132e-05,0.000226094533271993,-9.07719423294341e-05
1000,1e-06,48000,0.000551818079514457,-7.47033348292978e-05,0.000185486973295681,-7.38341036426022e-05
